date,time,group,home,away,venue,altitude,status,home_goals,away_goals,minute
2026-06-11,13:00,A,Mexico,South Africa,Estadio Azteca,2240,scheduled,,, 
2026-06-11,20:00,A,South Korea,Czech Republic,AT&T Stadium,171,scheduled,,,
2026-06-12,13:00,B,Canada,Bosnia and Herzegovina,BMO Field,76,scheduled,,,
2026-06-12,19:00,D,United States,Paraguay,Rose Bowl,270,scheduled,,,
2026-06-13,13:00,B,Qatar,Switzerland,MetLife,4,scheduled,,,
2026-06-13,16:00,C,Brazil,Morocco,SoFi Stadium,60,scheduled,,,
2026-06-13,19:00,C,Haiti,Scotland,Lumen Field,8,scheduled,,,
2026-06-13,22:00,D,Australia,Turkey,NRG Stadium,23,scheduled,,,
2026-06-14,11:00,E,Germany,Curaçao,Lincoln Financial,267,scheduled,,,
2026-06-14,14:00,F,Netherlands,Japan,Gillette Stadium,18,scheduled,,,
2026-06-14,17:00,E,Ivory Coast,Ecuador,Arrowhead Stadium,304,scheduled,,,
2026-06-14,20:00,F,Sweden,Tunisia,Empower Field,1609,scheduled,,,
2026-06-15,10:00,H,Spain,Cape Verde,Hard Rock Stadium,4,scheduled,,,
2026-06-15,13:00,G,Belgium,Egypt,Mercedes-Benz,312,scheduled,,,
2026-06-15,16:00,H,Saudi Arabia,Uruguay,Allegiant Stadium,600,scheduled,,,
2026-06-15,19:00,G,Iran,New Zealand,BC Place,5,scheduled,,,
2026-06-16,13:00,I,France,Senegal,MetLife,4,scheduled,,,
2026-06-16,16:00,I,Iraq,Norway,Lincoln Financial,267,scheduled,,,
2026-06-16,19:00,J,Argentina,Algeria,Hard Rock Stadium,4,scheduled,,,
2026-06-16,22:00,J,Austria,Jordan,NRG Stadium,23,scheduled,,,
2026-06-17,11:00,K,Portugal,DR Congo,Gillette Stadium,18,scheduled,,,
2026-06-17,14:00,L,England,Croatia,AT&T Stadium,171,scheduled,,,
2026-06-17,17:00,L,Ghana,Panama,Arrowhead Stadium,304,scheduled,,,
2026-06-17,20:00,K,Uzbekistan,Colombia,Lumen Field,8,scheduled,,,
2026-06-19,13:00,D,United States,Australia,Rose Bowl,270,scheduled,,,
2026-06-19,16:00,C,Scotland,Morocco,Empower Field,1609,scheduled,,,
2026-06-19,18:30,C,Brazil,Haiti,SoFi Stadium,60,scheduled,,,
2026-06-19,21:00,D,Turkey,Paraguay,NRG Stadium,23,scheduled,,,
2026-06-20,11:00,F,Netherlands,Sweden,MetLife,4,scheduled,,,
2026-06-20,14:00,E,Germany,Ivory Coast,Lincoln Financial,267,scheduled,,,
2026-06-20,18:00,E,Ecuador,Curaçao,Arrowhead Stadium,304,scheduled,,,
2026-06-20,22:00,F,Tunisia,Japan,Gillette Stadium,18,scheduled,,,
2026-06-21,10:00,H,Spain,Saudi Arabia,Hard Rock Stadium,4,scheduled,,,
2026-06-21,13:00,G,Belgium,Iran,Mercedes-Benz,312,scheduled,,,
2026-06-21,16:00,H,Uruguay,Cape Verde,Allegiant Stadium,600,scheduled,,,
2026-06-21,19:00,G,New Zealand,Egypt,BC Place,5,scheduled,,,
2026-06-22,11:00,J,Argentina,Austria,Hard Rock Stadium,4,scheduled,,,
2026-06-22,15:00,I,France,Iraq,MetLife,4,scheduled,,,
2026-06-22,18:00,I,Norway,Senegal,Lincoln Financial,267,scheduled,,,
2026-06-22,21:00,J,Jordan,Algeria,NRG Stadium,23,scheduled,,,
2026-06-24,11:00,K,Portugal,Uzbekistan,Gillette Stadium,18,scheduled,,,
2026-06-24,14:00,L,England,Ghana,AT&T Stadium,171,scheduled,,,
2026-06-24,17:00,L,Panama,Croatia,Arrowhead Stadium,304,scheduled,,,
2026-06-24,20:00,K,Colombia,DR Congo,Lumen Field,8,scheduled,,,
2026-06-24,11:00,A,Mexico,Czech Republic,Estadio Azteca,2240,scheduled,,,
2026-06-24,14:00,A,South Africa,South Korea,AT&T Stadium,171,scheduled,,,
2026-06-24,17:00,B,Bosnia and Herzegovina,Qatar,BMO Field,76,scheduled,,,
2026-06-24,20:00,B,Switzerland,Canada,MetLife,4,scheduled,,,
2026-06-25,13:00,D,Paraguay,Australia,Rose Bowl,270,scheduled,,,
2026-06-25,13:00,D,United States,Turkey,NRG Stadium,23,scheduled,,,
2026-06-25,18:00,C,Morocco,Haiti,SoFi Stadium,60,scheduled,,,
2026-06-25,18:00,C,Scotland,Brazil,Empower Field,1609,scheduled,,,
2026-06-25,22:00,E,Curaçao,Ivory Coast,Lincoln Financial,267,scheduled,,,
2026-06-25,22:00,E,Ecuador,Germany,Arrowhead Stadium,304,scheduled,,,
2026-06-25,16:00,F,Japan,Sweden,Gillette Stadium,18,scheduled,,,
2026-06-25,16:00,F,Tunisia,Netherlands,MetLife,4,scheduled,,,
2026-06-26,10:00,G,New Zealand,Belgium,BC Place,5,scheduled,,,
2026-06-26,10:00,G,Egypt,Iran,Mercedes-Benz,312,scheduled,,,
2026-06-26,16:00,H,Cape Verde,Saudi Arabia,Allegiant Stadium,600,scheduled,,,
2026-06-26,16:00,H,Uruguay,Spain,Hard Rock Stadium,4,scheduled,,,
2026-06-27,11:00,K,DR Congo,Uzbekistan,Gillette Stadium,18,scheduled,,,
2026-06-27,11:00,K,Colombia,Portugal,Lumen Field,8,scheduled,,,
2026-06-27,17:00,L,Panama,England,AT&T Stadium,171,scheduled,,,
2026-06-27,17:00,L,Croatia,Ghana,Arrowhead Stadium,304,scheduled,,,
2026-06-26,22:00,I,Norway,France,Lincoln Financial,267,scheduled,,,
2026-06-26,22:00,I,Senegal,Iraq,MetLife,4,scheduled,,,
2026-06-27,22:00,J,Algeria,Austria,NRG Stadium,23,scheduled,,,
2026-06-27,22:00,J,Jordan,Argentina,Hard Rock Stadium,4,scheduled,,,
